example_id,content_words,start_end_tuple,start_token,end_token,user_1,user_2,user_3
00afb784-d626-4a58-931e-190f053c3e67,השופטת,"(0, 5)",0,5,אדם,,
00afb784-d626-4a58-931e-190f053c3e67,א',"(7, 8)",7,8,אדם,אדם,
00afb784-d626-4a58-931e-190f053c3e67,פרוקצ'יה,"(11, 19)",11,19,אדם,אדם,
00afb784-d626-4a58-931e-190f053c3e67,1,"(21, 22)",21,22,מספר,מספר,מספר
00afb784-d626-4a58-931e-190f053c3e67,המשיב,"(34, 38)",34,38,אדם,,
00afb784-d626-4a58-931e-190f053c3e67,הורשע,"(41, 45)",41,45,,,
00afb784-d626-4a58-931e-190f053c3e67,על-פי,"(47, 51)",47,51,,,
00afb784-d626-4a58-931e-190f053c3e67,הודאתו,"(53, 58)",53,58,,,
00afb784-d626-4a58-931e-190f053c3e67,בעבירה,"(60, 65)",60,65,,,
00afb784-d626-4a58-931e-190f053c3e67,של,"(67, 68)",67,68,,,
00afb784-d626-4a58-931e-190f053c3e67,מעשה,"(70, 73)",70,73,,,
00afb784-d626-4a58-931e-190f053c3e67,סדום,"(75, 78)",75,78,,,
00afb784-d626-4a58-931e-190f053c3e67,בנסיבות,"(80, 86)",80,86,,,
00afb784-d626-4a58-931e-190f053c3e67,של,"(88, 89)",88,89,,,
00afb784-d626-4a58-931e-190f053c3e67,אינוס,"(91, 95)",91,95,,,
00afb784-d626-4a58-931e-190f053c3e67,שבוצעה,"(97, 102)",97,102,,,
00afb784-d626-4a58-931e-190f053c3e67,כלפי,"(104, 107)",104,107,,,
00afb784-d626-4a58-931e-190f053c3e67,קטין,"(109, 113)",109,113,אדם,אדם,
00afb784-d626-4a58-931e-190f053c3e67,יליד,"(115, 118)",115,118,,,
00afb784-d626-4a58-931e-190f053c3e67,1999,"(121, 125)",121,125,תאריך,תאריך,תאריך
00afb784-d626-4a58-931e-190f053c3e67,ביום,"(127, 130)",127,130,,,
00afb784-d626-4a58-931e-190f053c3e67,1.12.05,"(132, 139)",132,139,תאריך,תאריך,תאריך
00afb784-d626-4a58-931e-190f053c3e67,בגין,"(141, 144)",141,144,,,
00afb784-d626-4a58-931e-190f053c3e67,העבירה,"(146, 151)",146,151,,,
00afb784-d626-4a58-931e-190f053c3e67,האמורה,"(153, 159)",153,159,,,
00afb784-d626-4a58-931e-190f053c3e67,נגזר,"(161, 164)",161,164,,,
00afb784-d626-4a58-931e-190f053c3e67,על,"(166, 167)",166,167,,,
00afb784-d626-4a58-931e-190f053c3e67,המשיב,"(169, 173)",169,173,אדם,,
00afb784-d626-4a58-931e-190f053c3e67,עונש,"(175, 178)",175,178,,,
00afb784-d626-4a58-931e-190f053c3e67,מאסר,"(180, 183)",180,183,,,
00afb784-d626-4a58-931e-190f053c3e67,בפועל,"(185, 189)",185,189,,,
00afb784-d626-4a58-931e-190f053c3e67,של,"(191, 192)",191,192,,,
00afb784-d626-4a58-931e-190f053c3e67,שבע,"(194, 196)",194,196,פרק זמן,פרק זמן,
00afb784-d626-4a58-931e-190f053c3e67,שנים,"(199, 203)",199,203,פרק זמן,פרק זמן,
00afb784-d626-4a58-931e-190f053c3e67,וכן,"(205, 207)",205,207,,,
00afb784-d626-4a58-931e-190f053c3e67,מאסר,"(209, 212)",209,212,,,
00afb784-d626-4a58-931e-190f053c3e67,על,"(214, 215)",214,215,,,
00afb784-d626-4a58-931e-190f053c3e67,תנאי,"(217, 220)",217,220,,,
00afb784-d626-4a58-931e-190f053c3e67,ופיצוי,"(222, 227)",222,227,,,
00afb784-d626-4a58-931e-190f053c3e67,לקטין,"(229, 233)",229,233,,,
00afb784-d626-4a58-931e-190f053c3e67,בשיעור,"(235, 240)",235,240,,,
00afb784-d626-4a58-931e-190f053c3e67,של,"(242, 243)",242,243,,,
00afb784-d626-4a58-931e-190f053c3e67,"30,000","(245, 250)",245,250,סכום כספי,סכום כספי,סכום כספי
00afb784-d626-4a58-931e-190f053c3e67,"ש""ח","(252, 255)",252,255,סכום כספי,סכום כספי,סכום כספי
00afb784-d626-4a58-931e-190f053c3e67,2,"(257, 258)",257,258,מספר,מספר,
00afb784-d626-4a58-931e-190f053c3e67,המדינה,"(270, 275)",270,275,ארגון,ארגון,
00afb784-d626-4a58-931e-190f053c3e67,מערערת,"(278, 283)",278,283,,,
00afb784-d626-4a58-931e-190f053c3e67,על,"(285, 286)",285,286,,,
00afb784-d626-4a58-931e-190f053c3e67,קולת,"(288, 291)",288,291,,,
00afb784-d626-4a58-931e-190f053c3e67,העונש,"(293, 298)",293,298,,,
00afb784-d626-4a58-931e-190f053c3e67,ומבקשת,"(300, 305)",300,305,,,
00afb784-d626-4a58-931e-190f053c3e67,להחמיר,"(307, 312)",307,312,,,
00afb784-d626-4a58-931e-190f053c3e67,בעונש,"(314, 318)",314,318,,,
00afb784-d626-4a58-931e-190f053c3e67,המאסר,"(320, 324)",320,324,,,
00afb784-d626-4a58-931e-190f053c3e67,שנגזר,"(326, 330)",326,330,,,
00afb784-d626-4a58-931e-190f053c3e67,על,"(332, 333)",332,333,,,
00afb784-d626-4a58-931e-190f053c3e67,המשיב,"(335, 340)",335,340,אדם,,
00afb784-d626-4a58-931e-190f053c3e67,בטענה,"(342, 346)",342,346,,,
00afb784-d626-4a58-931e-190f053c3e67,כי,"(348, 349)",348,349,,,
00afb784-d626-4a58-931e-190f053c3e67,חומרתה,"(351, 356)",351,356,,,
00afb784-d626-4a58-931e-190f053c3e67,המופלגת,"(359, 365)",359,365,,,
00afb784-d626-4a58-931e-190f053c3e67,של,"(367, 368)",367,368,,,
00afb784-d626-4a58-931e-190f053c3e67,העבירה,"(370, 375)",370,375,,,
00afb784-d626-4a58-931e-190f053c3e67,אינה,"(377, 380)",377,380,,,
00afb784-d626-4a58-931e-190f053c3e67,מתיישבת,"(382, 388)",382,388,,,
00afb784-d626-4a58-931e-190f053c3e67,עם,"(390, 391)",390,391,,,
00afb784-d626-4a58-931e-190f053c3e67,היקף,"(393, 396)",393,396,,,
00afb784-d626-4a58-931e-190f053c3e67,העונש,"(398, 402)",398,402,,,
00afb784-d626-4a58-931e-190f053c3e67,שנגזר,"(404, 409)",404,409,,,
00afb784-d626-4a58-931e-190f053c3e67,העומד,"(411, 415)",411,415,,,
00afb784-d626-4a58-931e-190f053c3e67,מתחת,"(417, 420)",417,420,,,
00afb784-d626-4a58-931e-190f053c3e67,לרף,"(422, 424)",422,424,,,
00afb784-d626-4a58-931e-190f053c3e67,הענישה,"(426, 431)",426,431,,,
00afb784-d626-4a58-931e-190f053c3e67,הראוי,"(434, 439)",434,439,,,
00afb784-d626-4a58-931e-190f053c3e67,כך,"(441, 442)",441,442,,,
00afb784-d626-4a58-931e-190f053c3e67,על-פי,"(444, 448)",444,448,,,
00afb784-d626-4a58-931e-190f053c3e67,הטענה,"(450, 455)",450,455,,,
00afb784-d626-4a58-931e-190f053c3e67,3,"(457, 458)",457,458,מספר,מספר,מספר
00afb784-d626-4a58-931e-190f053c3e67,כעולה,"(470, 474)",470,474,,,
00afb784-d626-4a58-931e-190f053c3e67,מכתב,"(477, 480)",477,480,,,
00afb784-d626-4a58-931e-190f053c3e67,האישום,"(482, 488)",482,488,,,
00afb784-d626-4a58-931e-190f053c3e67,ביום,"(490, 493)",490,493,,,
00afb784-d626-4a58-931e-190f053c3e67,1.12.05,"(495, 501)",495,501,תאריך,תאריך,תאריך
00afb784-d626-4a58-931e-190f053c3e67,בשעות,"(503, 507)",503,507,,,
00afb784-d626-4a58-931e-190f053c3e67,הצהריים,"(509, 516)",509,516,,,
00afb784-d626-4a58-931e-190f053c3e67,פגש,"(518, 520)",518,520,,,
00afb784-d626-4a58-931e-190f053c3e67,המשיב,"(522, 526)",522,526,אדם,אדם,
00afb784-d626-4a58-931e-190f053c3e67,במתלונן,"(528, 535)",528,535,אדם,,
00afb784-d626-4a58-931e-190f053c3e67,אז,"(537, 538)",537,538,,,
00afb784-d626-4a58-931e-190f053c3e67,ילד,"(540, 542)",540,542,אדם,,
00afb784-d626-4a58-931e-190f053c3e67,בן,"(544, 545)",544,545,אדם,,
00afb784-d626-4a58-931e-190f053c3e67,6,"(547, 548)",547,548,מספר,מספר,
00afb784-d626-4a58-931e-190f053c3e67,בשכונת,"(550, 555)",550,555,מיקום,,
00afb784-d626-4a58-931e-190f053c3e67,א-טור,"(558, 562)",558,562,מיקום,,
00afb784-d626-4a58-931e-190f053c3e67,בה,"(564, 565)",564,565,,,
00afb784-d626-4a58-931e-190f053c3e67,התגורר,"(567, 573)",567,573,,,
00afb784-d626-4a58-931e-190f053c3e67,הוא,"(575, 577)",575,577,,,
00afb784-d626-4a58-931e-190f053c3e67,הוביל,"(579, 583)",579,583,,,
00afb784-d626-4a58-931e-190f053c3e67,את,"(585, 586)",585,586,,,
00afb784-d626-4a58-931e-190f053c3e67,המתלונן,"(588, 594)",588,594,אדם,,
00afb784-d626-4a58-931e-190f053c3e67,למקום,"(596, 600)",596,600,,,
00afb784-d626-4a58-931e-190f053c3e67,הסמוך,"(602, 606)",602,606,מיקום,מיקום,
00afb784-d626-4a58-931e-190f053c3e67,לשכונה,"(608, 614)",608,614,מיקום,מיקום,
00afb784-d626-4a58-931e-190f053c3e67,הפשיט,"(616, 620)",616,620,,,
00afb784-d626-4a58-931e-190f053c3e67,אותו,"(622, 626)",622,626,,,
00afb784-d626-4a58-931e-190f053c3e67,והשכיב,"(628, 633)",628,633,,,
00afb784-d626-4a58-931e-190f053c3e67,אותו,"(636, 639)",636,639,,,
00afb784-d626-4a58-931e-190f053c3e67,על,"(641, 642)",641,642,,,
00afb784-d626-4a58-931e-190f053c3e67,מזרן,"(644, 647)",644,647,,,
00afb784-d626-4a58-931e-190f053c3e67,שהיה,"(649, 652)",649,652,,,
00afb784-d626-4a58-931e-190f053c3e67,במקום,"(654, 659)",654,659,,,
00afb784-d626-4a58-931e-190f053c3e67,המשיב,"(661, 665)",661,665,אדם,,
00afb784-d626-4a58-931e-190f053c3e67,הפשיל,"(667, 671)",667,671,,,
00afb784-d626-4a58-931e-190f053c3e67,את,"(673, 674)",673,674,,,
00afb784-d626-4a58-931e-190f053c3e67,מכנסיו,"(676, 682)",676,682,,,
00afb784-d626-4a58-931e-190f053c3e67,והחדיר,"(684, 689)",684,689,,,
00afb784-d626-4a58-931e-190f053c3e67,את,"(691, 692)",691,692,,,
00afb784-d626-4a58-931e-190f053c3e67,איבר,"(694, 697)",694,697,,,
00afb784-d626-4a58-931e-190f053c3e67,מינו,"(699, 702)",699,702,,,
00afb784-d626-4a58-931e-190f053c3e67,מספר,"(704, 707)",704,707,,,
00afb784-d626-4a58-931e-190f053c3e67,פעמים,"(709, 713)",709,713,,,
00afb784-d626-4a58-931e-190f053c3e67,לפי,"(715, 717)",715,717,,,
00afb784-d626-4a58-931e-190f053c3e67,הטבעת,"(720, 724)",720,724,,,
00afb784-d626-4a58-931e-190f053c3e67,של,"(726, 727)",726,727,,,
00afb784-d626-4a58-931e-190f053c3e67,המתלונן,"(729, 736)",729,736,אדם,אדם,
00afb784-d626-4a58-931e-190f053c3e67,כאשר,"(738, 741)",738,741,,,
00afb784-d626-4a58-931e-190f053c3e67,הקטין,"(743, 747)",743,747,אדם,אדם,
00afb784-d626-4a58-931e-190f053c3e67,צועק,"(749, 752)",749,752,,,
00afb784-d626-4a58-931e-190f053c3e67,ובוכה,"(754, 758)",754,758,,,
00afb784-d626-4a58-931e-190f053c3e67,מכאבים,"(760, 766)",760,766,,,
00afb784-d626-4a58-931e-190f053c3e67,כן,"(768, 769)",768,769,,,
00afb784-d626-4a58-931e-190f053c3e67,הכניס,"(771, 775)",771,775,,,
00afb784-d626-4a58-931e-190f053c3e67,המשיב,"(777, 781)",777,781,אדם,אדם,
00afb784-d626-4a58-931e-190f053c3e67,את,"(783, 784)",783,784,,,
00afb784-d626-4a58-931e-190f053c3e67,איבר,"(786, 789)",786,789,,,
00afb784-d626-4a58-931e-190f053c3e67,מינו,"(791, 794)",791,794,,,
00afb784-d626-4a58-931e-190f053c3e67,לפיו,"(797, 800)",797,800,,,
00afb784-d626-4a58-931e-190f053c3e67,של,"(802, 803)",802,803,,,
00afb784-d626-4a58-931e-190f053c3e67,המתלונן,"(805, 812)",805,812,אדם,,
00afb784-d626-4a58-931e-190f053c3e67,כתוצאה,"(814, 819)",814,819,,,
00afb784-d626-4a58-931e-190f053c3e67,ממעשים,"(821, 826)",821,826,,,
00afb784-d626-4a58-931e-190f053c3e67,אלה,"(828, 831)",828,831,,,
00afb784-d626-4a58-931e-190f053c3e67,נגרם,"(833, 836)",833,836,,,
00afb784-d626-4a58-931e-190f053c3e67,למתלונן,"(838, 844)",838,844,אדם,,
00afb784-d626-4a58-931e-190f053c3e67,דימום,"(846, 850)",846,850,,,
00afb784-d626-4a58-931e-190f053c3e67,באיזור,"(852, 857)",852,857,,,
00afb784-d626-4a58-931e-190f053c3e67,פי,"(859, 860)",859,860,,,
00afb784-d626-4a58-931e-190f053c3e67,הטבעת,"(862, 866)",862,866,,,
00afb784-d626-4a58-931e-190f053c3e67,וכן,"(868, 870)",868,870,,,
00afb784-d626-4a58-931e-190f053c3e67,נגרמו,"(873, 877)",873,877,,,
00afb784-d626-4a58-931e-190f053c3e67,לו,"(879, 880)",879,880,,,
00afb784-d626-4a58-931e-190f053c3e67,שני,"(882, 884)",882,884,מספר,,
00afb784-d626-4a58-931e-190f053c3e67,קרעים,"(886, 890)",886,890,,,
00afb784-d626-4a58-931e-190f053c3e67,בפי,"(892, 894)",892,894,,,
00afb784-d626-4a58-931e-190f053c3e67,הטבעת,"(896, 901)",896,901,,,
00afb784-d626-4a58-931e-190f053c3e67,ומספר,"(903, 907)",903,907,,,
00afb784-d626-4a58-931e-190f053c3e67,רב,"(909, 910)",909,910,,,
00afb784-d626-4a58-931e-190f053c3e67,של,"(912, 913)",912,913,,,
00afb784-d626-4a58-931e-190f053c3e67,שפשופים,"(915, 921)",915,921,,,
00afb784-d626-4a58-931e-190f053c3e67,שטחיים,"(923, 928)",923,928,,,
00afb784-d626-4a58-931e-190f053c3e67,והמטומה,"(930, 936)",930,936,,,
00afb784-d626-4a58-931e-190f053c3e67,היקפית,"(938, 944)",938,944,,,
00afb784-d626-4a58-931e-190f053c3e67,4,"(946, 947)",946,947,מספר,מספר,מספר
00afb784-d626-4a58-931e-190f053c3e67,המשיב,"(959, 963)",959,963,אדם,אדם,
00afb784-d626-4a58-931e-190f053c3e67,הודה,"(966, 969)",966,969,,,
00afb784-d626-4a58-931e-190f053c3e67,והורשע,"(971, 976)",971,976,,,
00afb784-d626-4a58-931e-190f053c3e67,במעשים,"(978, 983)",978,983,,,
00afb784-d626-4a58-931e-190f053c3e67,המיוחסים,"(985, 992)",985,992,,,
00afb784-d626-4a58-931e-190f053c3e67,לו,"(994, 995)",994,995,,,
00afb784-d626-4a58-931e-190f053c3e67,במסגרת,"(997, 1002)",997,1002,,,
00afb784-d626-4a58-931e-190f053c3e67,הסדר,"(1004, 1007)",1004,1007,,,
00afb784-d626-4a58-931e-190f053c3e67,טיעון,"(1009, 1013)",1009,1013,,,
00afb784-d626-4a58-931e-190f053c3e67,ותיקון,"(1015, 1020)",1015,1020,,,
00afb784-d626-4a58-931e-190f053c3e67,לכתב,"(1022, 1025)",1022,1025,,,
00afb784-d626-4a58-931e-190f053c3e67,האישום,"(1027, 1033)",1027,1033,,,
